,cs_sentences,en_sentences,es_sentences
0,"Damn , The Smiths spoke for the completo humano race cuando they wrote : "" I was looking for a trabajo , and entonces I encontró a job and cielo knows Soy miserable ahora ""","Damn, The Smiths spoke for the entire human race when they wrote :"" I was looking for a job, and then I found a job and heaven knows I'm miserable now""
","Puñeta , The Smiths habló por toda la raza humana cuando escribió : "" Estaba buscando trabajo , y luego encontré un trabajo y Dios sabe que soy miserable ahora "" .
"
1,"Baby , I no know por qué we fighting , could él be that tú como él so mucho when nosotros hacer arriba ?","Baby, I don't know why we fighting, could it be that you like it so much when we make up?
","Cariño , no sé por qué peleamos , ¿ será que tanto te gusta cuando hacemos las paces ?
"
2,"Cuando Harry dicho , "" no es gon na dormir hasta el daylight , "" he era talking about me .","When Harry said, ""ain't gonna sleep till the daylight,"" he was talking about me.
","Cuando Harry dijo : "" no voy a dormir hasta que amanezca "" , habló sobre mi .
"
3,"Cuando él says "" you no have to ser sorry for leaving and growing up tú can see el mundo following el estación , "" it makes me think entonces mucho about what 's próximo in a pareja of months .","When he says"" you don't have to be sorry for leaving and growing up you can see the world following the season,"" it makes me think so much about what's coming in a couple of months.
","Cuando dice "" no tienes que arrepentirte de irte y crecer puedes ver el mundo siguiendo la temporada "" , me hace pensar tanto en lo que viene en un par de meses .
"
4,"When melena dicho , "" caparazón nunca love tú más than money , "" I en realidad felt eso .","When maneskin said,"" she'll never love you more than money,"" I really felt that.
","Cuando maneskin dijo , "" ella nunca te amará más que al dinero "" , realmente sentí eso .
"
5,"When it expira , eso voluntad probably be el fin de my ath estallido era .","When it expires, that will probably be the end of my ath pop era.
","Cuando se expire , ese será probablemente el final de mi era ath pop .
"
6,"Si they no put en el Higgs fire , el cocina parte , y when ellos prick Ben a Detiene el corazón then qué 's the point of having dos more seasons .","If they don't put in the Higgs fire, the kitchen part, and when they prick Ben to Heartstopper then what's the point of having two more seasons.
","Si no meten el incendio de Higgs , la parte de la cocina , y cuando agarran a Ben a pichazos a Heartstopper entonces cuál es el punto de tener dos temporadas más .
"
7,"I extrañar ser the type de person that cuando él es hambriento , he come a maceta .","I miss being the type of person that when he is hungry, he eats a pot.
","Echo de menos ser el tipo de persona que cuando tiene hambre , se come una olla .
"
8,"El voz when he says "" él 's enough to make a chica rubor , "" Omg !","The voice when he says"" it's enough to make a girl blush,"" Omg!
","La voz cuando dice "" es suficiente para hacer sonrojar a una niña "" , ¡ Por dioooos !
"
9,And since when does McDonald 's vender spicy nuggets ?,"And since when does McDonald's sell spicy nuggets?
","¿ Y desde cuando macdonals vende nuggets picantes ?
"
10,"Y'all no agradecer el debut álbum , but I'm yendo to want to see a ellos when Taylor 's version llega afuera and nosotros escuchar taylor de hecho decir : ' there 's nada parada a mí from going afuera con all de su mejor amigos .","Y'all don't appreciate the debut album, but I'm going to want to see them when Taylor's version comes out and we hear Taylor actually say:' there's nothing stopping me from going out with all of your best friends.
","No aprecian el álbum debut , pero las voy a querer ver cuando salga la versión de Taylor y escuchamos a la Taylor en realidad decir : ' no hay nada que me impida salir con todos tus mejores amigos ' .
"
11,Ideal approach cuando planificación projects in NFTs .,"Ideal approach when planning projects in NFTs.
","Enfoque ideal cuando se planean proyectos en NFTs .
"
12,Congratulations a Dianita and de curso to su mom too .,"Congratulations to Dianita and of course to her mom too.
","Felicidades a Dianita y por supuesto a su mamá también .
"
13,Ayyyy ' You no cuidado acerca de me ' I amar él también .,"Ayyyy 'You don't care about me' I love it too.
","Ayyyy ' No te preocupas por mí ' también me encanta .
"
14,I poder read el room too .,"I can read the room too.
","Puedo leer la habitacion tambien .
"
15,"Cowboy Bebop too , puro jewels en its banda sonora .","Cowboy Bebop too, pure jewels in its soundtrack.
","Cowboy Bebop también , puras joyas en su banda sonora .
"
16,"Yep , y to ser honest , in suicide equipo too .","Yep, and to be honest, in suicide squad too.
","Sí , y para ser honesto , en escuadrón suicida también .
"
17,"God , I tenía olvidado that en mi Sénior quote I put , “ they told me alto school era yendo to ir por fast pero I didn’t saber él era yendo a go by in a zoom . ”","God, I had forgotten that in my Senior quote I put,“ they told me high school was going to go by fast but I didn’t know it was going to go by in a zoom.”
","Dios , se me había olvidado que en mi mensaje de graduación   puse , “ me dijeron que la escuela secundaria iba a pasar rápido pero no sabía que iba a pasar en un zoom ” .
"
18,I saber I etiquetado a él y eso he was probable a see it pero I WASN'T EXPECTING A ÉL TO ACTUALLY SEE ÉL y react .,"I know I tagged him and that he was likely to see it but I WASN'T EXPECTING HIM TO ACTUALLY SEE IT and react.
","Sé que lo etiqueté y que había probabilidad de que lo viera pero NO ESPERABA QUE ÉL REALMENTE LO VEA y reaccione .
"
19,There era no a más horrible outfit tal vez .,"There was not a more horrible outfit perhaps.
","No había un outfit más horrible acaso .
"
20,"Same , I had prepared the outfits ya .","Same, I had prepared the outfits already.
","Igual , yo había preparado los outfits ya .
"
21,"Dudar lo mismoeeee I didn't even know hasta leslie al corriente last noche and I googled él , but él had ya happened .","Dude sameeeeee I didn't even know until Leslie posted last night and I googled it, but it had already happened.
","Amigo , igual ni siquiera lo sabía hasta que Leslie publicó anoche y lo busqué en Google , pero ya había pasado .
"
22,What about morbio cuando he obtiene morbid ?,"What about Morbius when he gets morbid?
","¿ Qué pasa con Morbius cuando se pone morbo ?
"
23,"I amar you también , Lo siento I don't mirar anime .","I love you too, sorry I don't watch anime.
","Yo también te quiero , perdón que no vea anime .
"
24,"Taehyung is fashion y divertido , él is también entonces hermoso and entonces dreamy , he es my lindo dorado boy !","Taehyung is fashion and funny, he is also so beautiful and so dreamy, he is my cute golden boy!
","Taehyung es fashion y funny , también es tan beautiful y tan dreamy , es mi lindo chico golden ! ¡
"
25,Their churros son good también .,"Their churros are good too.
","Sus churros son buenos también .
"
26,"I thought malo bunny era dead , no alguna vez do eso de nuevo tweeter .","I thought bad bunny was dead, don't ever do that again tweeter.
","Pensé que se había muerto bad bunny , no vuelvas a hacer eso nunca más , tuiter .
"
27,"I tenía already olvidado about medio tiempo , pero Enfermo definitely ser watching este .","I had already forgotten about halftime, but I'll definitely be watching this.
","Ya me había olvidado del medio tiempo , pero definitivamente estaré viendo esto .
"
28,"I gastar como 7 min haciendo él , copying qué was en Spotify , pero gracias instagram .","I spend like 7 min doing it, copying what was on Spotify, but thanks instagram.
","Estuve como 7 min haciéndolo , copiando lo que había en Spotify , pero gracias instagram .
"
29,"It happened ... I hit my pen durante a zoom reunión , él can't be .","It happened ... I hit my pen during a zoom meeting , it can't be.
","Sucedió .. Golpeé mi bolígrafo durante una reunión de zoom , no puede ser .
"
30,Tú poder make me tuyo any day of the week .,"You can make me yours any day of the week.
","Me puede hacer suyo cualquier día de la semana .
"
31,Krusty estado of mind cuando comiendo a krusty Burger .,"Krusty state of mind when eating a Krusty Burger.
","Krusty state of mind cuando se come una Krusty Burger .
"
32,"Mantener letting mi lucha be su main tema , pero when él 's su doblar , chew y tragar .","Keep letting my struggle be your main topic, but when it's your turn, chew and swallow.
","Sigue dejando que mi lucha sea tu tema principal , pero cuando es tu turno , mastica y traga .
"
33,"Top 3 physical esfuerzos he sintió : Cuando tú dio a mí appendicitis , hincones of ectopic pregnancy por favor die , period cramps PLUS an ITU at the mismo tiempo , como qué ?","Top 3 physical pains i’ve felt: When you gave me appendicitis, hincones of ectopic pregnancy please die, period cramps PLUS an UTI at the same time, like what?
","Los 3 dolores físicos principales que he sentido : Cuando me dio apendicitis , hincones de embarazo ectópico , por favor muere , calambres menstruales MÁS una UTI al mismo tiempo , ¿ cómo qué ?
"
34,"Cuando él dicho , "" I'm el perra that 's playing harder in este fucking game , "" I really sintió that .","When he said, "" I'm the bitch that's playing harder in this fucking game,"" I really felt that .
","Cuando dijo : "" Soy la perra que está jugando más duro en este maldito juego ... "" Realmente sentí eso .
"
35,"It marcas a mí angry cuando alguien otro than me talks acerca de Harry , like , shut up , tú don't like a él in el same forma I do .","It makes me angry when someone other than me talks about Harry, like, shut up, you don't like him in the same way I do.
","Me da rabia cuando otra persona que no soy yo habla de Harry , como que , cállate , no te gusta de la misma manera que a mí .
"
36,"That beso made me sentir complete , y I no necesidad más , and I don't need more than tú , more than eso sonrisa , eso hecho a mí sonrisa cuando I needed it most .","That kiss made me feel complete, and I don't need more ,and I don't need more than you, more than that smile, that made me smile when I needed it most.
","Ese beso me hizo sentir completo , y no necesito más , y no necesito más que tú , más que esa sonrisa , que me hizo sonreír cuando más lo necesité .
"
37,"Él 's also el primero time I use él , but bueno it no work instantáneamente .","It's also the first time I use it, but okay it didn't work instantly.
","Tambien es la primera vez que uso , pero esta bien , no funciono al instante .
"
38,"Taehyung is entonces beautiful y perfecto , he es a joya , a jewel y he is also divertido .","Taehyung is so beautiful and perfect, he is a jewel, a jewel and he is also funny.
","Taehyung es tan bello y perfecto , es una joya , joya y también es divertido .
"
39,I tenía pensamiento allá is always a nuevo dawn .,"I had thought there is always a new dawn.
","Yo había pensado que siempre hay un nuevo amanecer .
"
40,"Indeed , dentro el colonia sí mismo allá was centro y periferia .","Indeed, within the colony itself there was center and periphery.
","Efectivamente , dentro de la colonia había mismo centro y periferia .
"
41,"El way I tenía deleted her medio tiempo actuación from mi memory , please .","The way I had deleted her halftime performance from my memory, please.
","La forma en que yo había borrado su actuación de medio tiempo de mi memoria , por favor .
"
42,"I had forgotten the remix of ebrio en amar , ser bien atrás .","I had forgotten the remix of drunk in love, be right back.
","Se me había olvidado el remix de borracho de amor , vuelvo enseguida .
"
43,"Oh , I no saber por qué I haven't seen este video , it ' s so silly y adorable oh , Rin y Len estás todo to me .","Oh, I don't know why I haven't seen this video, it 's so silly and adorable oh, Rin and Len you're everything to me.
","Es tan tonto y adorable oh , Rin y Len lo son todo para mi .
"
44,"Soy mendicidad my second ex to bloquear me mientras my primero ex desbloqueado me , este no poder ser , just leave me solo !","I'm begging my second ex to block me while my first ex unblocked me,this can’t be, just leave me alone!
","¡ Le pido a mi segundo ex que me bloquee mientras que mi primer ex me desbloqueó , no puede ser , ya déjenme !
"
45,It tiene mami issues .,"It has mommy issues.
","Tiene problemas de mamá .
"
46,"Guau , Sonic Unleashed has tremendous petardos .","Wow ,Sonic Unleashed has tremendous bangers.
","Vaya , tremendos bangers tiene Sonic Unleashed .
"
47,It acepta more que eso a decir si sí puede !,"It takes more than that to say si se puede!
","Se necesita más que eso para decir ¡ sí se puede !
"
48,"It no poder ser , este marcas a mí so happy .","It can't be ,this makes me so happy.
","No puede ser , esto me hace tan feliz .
"
49,"Pequeño freak tiene One Dirección vibes , cambiar mi mind .","Little freak has One Direction vibes, change my mind.
","Little freak tiene vibraciones de One Direction , cambio de opinión .
"
50,Hoy 's clima : I no poder give you a 0 so I give tú ... a 1 ( porque de the Frío breeze ) .,"Today's weather: I can't give you a 0 so I give you ... a 1 (because of the cool breeze ).
","Al tiempo de hoy : No puedo darte un 0 así que te doy ... un 1 ( por la brisa fresquita ) .
"
51,"God , El Vecindario makes a mí hot and triste at el mismo tiempo .","God, The Neighborhood makes me hot and sad at the same time.
","Dios , The Neighborhood me pone caliente y triste al mismo tiempo .
"
52,"I no había visto the can , I never comprendió she was holding a plate de corn in this scene .","I hadn’t seen the can, I never realized she was holding a plate of corn in this scene.
","No había visto la lata , nunca me di cuenta de que estaba sosteniendo un plato de maíz en esta escena .
"
53,"At this punto , mycoplasma es whooping mi culo , she had never estado so sick .","At this point, mycoplasma is whooping my ass, she had never been so sick.
","En este punto , el micoplasma me está dando patadas en el culo , nunca había durado tanto enferma .
"
54,"I see Nico di Angelo and my cerebro va brrrrrr , I want a dibujar a él y now nadie can stop a mí .","I see Nico di Angelo and my brain goes brrrrrr, I want to draw him and now nobody can stop me.
","Veo a Nico di Angelo y mi cerebro hace brrrrrr , quiero dibujarlo y ahora nadie puede detenerme .
"
55,Café y redes tiempo en Controlador Día 22 .,"Coffee and networking time at Controller Day 22.
","Tiempo de cafe y networking en Controller Day 22 .
"
56,"Dejar a mí saber si I debería permanecer aquí para a largo tiempo , por favor .","Let me know if I should stay here for a long time, please.
","Avísame si debo quedarme aquí por un buen tiempo , por favor .
"
57,Overthinking all el time .,"Overthinking all the time.
","Overthinking todo el tiempo .
"
58,I went de being at coleaderos jaripeos all el time a not yendo 2 años in a fila .,"I went from being at coleaderos jaripeos all the time to not going 2 years in a row.
","Pasé de estar en coleaderos/ jaripeos todo el tiempo a no ir 2 años seguidos .
"
59,"He consiguió este , calmly , con time , everything voluntad trabajar afuera .","I've got this, calmly , with time, everything will work out.
","Tengo esto , con calma , con tiempo , todo saldrá bien .
"
60,"I contestada the same thing , totally elegir a mí girl vibras próximo through , o incluso empeorar 'cool girl' .","I answered the same thing, totally pick me girl vibes coming through, or even worsen 'cool girl'.
","Respondí lo mismo , elige totalmente las vibraciones de mi chica o , peor aún , "" chica genial "" .
"
61,Porque my mamá wouldn't dejar mi culo solo since primero grade so I podría escribir en cursive .,"Because my mom wouldn't leave my ass alone since first grade so I could write in cursive.
","Porque mi mamá no me dejaba el culo en paz desde primer grado para que pudiera escribir en cursiva .
"
62,Mirror ' por Kendrick gives a mí cadena vibras a el Black Pantera album that Kendrick también participó en .,"Mirror' by Kendrick gives me string vibes to the Black Panther album that Kendrick also participated in.
","Mirror ' de Kendrick me da string vibes al álbum de Black Panther que también participo Kendrick .
"
63,I got en within 3 minutos y there era nada .,"I got in within 3 minutes and there was nothing.
","Entré a los 3 minutos y ya no había nada .
"
64,"I saw tú al corriente este más temprano and I era a aleatorio y tenía not heard de el casos entonces I just made a mini thread on it , please no preocuparse .","I saw you posted this earlier and I was a random and had not heard of the cases so I just made a mini thread on it, please don't worry.
","Vi que publicaste esto antes y estaba al azar y no había oído de los casos , así que acabo de hacer un mini hilo sobre eso , por favor no te preocupes .
"
65,"Please mirar after me , él can't be .","Please look after me, it can't be.
","Por favor cuídame , no puede ser .
"
66,"A el girl who buscado me a roll down my ventanas , I'm Lo siento , my truck es old , you can't .","To the girl who wanted me to roll down my windows, I'm sorry , my truck is old, you can't .
","A la niña que quería que bajara mis ventanas , lo siento , mi troca es viejita , no se puede .
"
67,"Not gon na mentir , I'm en realidad yendo a través de it and I hate admitiendo it , but I think I just reached mi breaking point , but there is a Dios eso I saber he has algo para me .","Not gon na lie, I'm really going through it and I hate admitting it, but I think I just reached my breaking point, but there is a God that I know he has something for me.
","No voy a mentir , realmente estoy pasando por eso y odio admitirlo , pero creo que acabo de llegar a mi punto de ruptura , pero hay un Dios que sé que tiene algo para mí .
"
68,"You darse cuenta él 's solo a matter de tiempo before we comenzar yelling , "" NADA WAKES TÚ UP LIKE WAKING UP ALONE . ""","You realize it's only a matter of time before we start yelling, ""NOTHING WAKES YOU UP LIKE WAKING UP ALONE.""
","Ustedes se dan cuenta que es una pregunta de tiempo para ponernos a gritar , "" NADA TE DESPIERTA COMO DESPERTAR SOLO "" .
"
69,"When you decir you have a firecracker en su ass , no preocuparse el mismo thing happens a me .","When you say you have a firecracker in your ass , don't worry the same thing happens to me.
","Cuando dices que tienes un petardo en el culo , no te preocupes que me pasa lo mismo .
"
70,"Done , ahora seguir back .","Done, now follow back.
","Listo , ahora sigue atrás .
"
71,Now in 2022 ellos are el best mejor mejor amigos .,"Now in 2022 they are the best best best friends.
","Ahora en el 2022 son los mejores mejores mejores amigos .
"
72,"That ' s bien , como hermano , I no incluso desear a mirar back en mi tuits .","That 's right, like bruh, I don't even want to look back at my tweets.
","Eso mismo , como bruh , ni siquiera quiero mirar hacia atrás en mis tweet .
"
73,I tener a duro tiempo eligiendo trajes ahora .,"I have a hard time choosing outfits now.
","Me cuesta mil elegir outfits ahora .
"
74,"Aquí de nuevo con mi bestie , see you más tarde .","Here again with my bestie, see you later.
","Aquí de nuevo con mi mejor amiga , nos vemos despues .
"
75,sara Finn after binge - watching the serie : infierno yeah eso 's some Namor - culo caótico energía ..,"Sarah Finn after binge-watching the series: hell yeah that's some Namor - ass chaotic energy..
","Sarah Finn después de maratonearse la serie : hell yeah that's some Namor-ass caotic energy .
"
76,‘ After the Beach ' about to be the new ‘ Suavemente . ',"‘After the Beach' about to be the new ‘Softly.'
","' Despues de la Playa ' a punto de ser el nuevo ' Suavemente ' .
"
77,6'2 reina wasn't going a respirar el mismo aire de No short jugar chica .,"6'2 queen wasn't going to breathe the same air of no short play girl .
","6'2 queen no iba a respirar el mismo aire de no short play girl .
"
78,"Antes I was a girl 4.00 smart girl with grande Sueños , now Soy justo a girl .","Before I was a girl 4.00 smart girl with big dreams , now I'm just a girl .
","Antes era chica 4.00 smart girl with big dreams , ahora solo soy chica .
"
79,"Ahora Soy loco ( orbit ) radical & everybody decir thank you a mi girlfriend , el más gay person ever .","Now I'm loonatic (orbit) radical & everybody say thank you to my girlfriend, the gayest person ever.
","Ahora soy loonatic ( orbit ) radical y todos dicen gracias a mi novia , la persona mas gay que existe .
"
80,I need el próximo episodio now !,"I need the next episode now!
","¡ Necesito el próximo episodio ahora !
"
81,"After we acordado a stay amigos and nada more , polla bloquear .","After we agreed to stay friends and nothing more , cock block.
","Despues de que acordamos seguir siendo amigos y nada mas , bloque de verga .
"
82,"A mí después teaching 'dance the night away' en class mode , por qué am I the only one who 's estallando my maldito coño right now .","Me after teaching 'dance the night away' in class mode, why am I the only one who's popping my fucking pussy right now.
","Yo después de enseñar ' dance the night away ' en clase modo , ¿ Por qué soy el único que me está reventando el coño en este momento ?
"
83,Imagine when you tener a human .,"Imagine when you have a human.
","Imagine cuando tenga un humano .
"
84,"When I conseguir mi rastas , él 's over para you perras .","When I get my dreadlocks, it's over for you bitches.
","Cuando me haga las rastas , se acabó para ustedes , perras .
"
85,"Para alguno reason él es siempre el context that nosotros eran in some amable de giant inflable casa or something — like , you saber el little tower that era in the playground el fast alimentos like Burger King , where you tenía a como climb por yendo up a floor ?","For some reason it is always the context that we were in some kind of giant inflatable house or something — like, you know the little tower that was in the playground the fast foods like Burger King, where you had to like climb by going up a floor ?
","Por alguna razón , siempre es el contexto de que estaban en una especie de casa inflable gigante o algo así , como , ¿ saben la torrecita que habia en el patio de recreo de las comidas rápidas como Burger King , donde te tenía que gustar escalar subiendo un piso ?
"
86,"I sentir luz - headed , I hadn't comprendió cómo much .","I feel light-headed, I hadn't realized how much.
","Me siento mareado , yo no me había dado cuanta .
"
87,You guys hacer Nuevo Testamento entender how personal this is a a mí .,"You guys do n't understand how personal this is to me .
","Ustedes no entienden lo personal que es esto para mí .
"
88,"Él ca n't ser , this is my joker .","It ca n't be , this is my joker .
","No puede ser , este es mi comodín .
"
89,"What do you mean , obviamente you poder , you just consiguió ta try suficiente .","What do you mean , obviously you can , you just got ta try enough .
","¿ Qué quieres decir con obvio se puede ? Solo tienes que intentarlo lo suficiente .
"
90,"The correlation surpasses su feeble mind , qué can tú do buddy .","The correlation surpasses your feeble mind , what can you do buddy .
","La correlación supera tu débil mente , que se puede hacer mi pana .
"
91,Tomorrow poder no be .,"Tomorrow can not be .
","Mañana no puede ser .
"
92,Couple shoes con mi mom can be so cute .,"Couple shoes with my mom can be so cute .
","Pareja de zapatos con mi mamá puede ser tan lindo .
"
93,The wacho has me en love .,"The wacho has me in love .
","Me tiene enamorado el wacho .
"
94,Hacer tú have a boyfriend ?,"Do you have a boyfriend ?
","¿ Tiene novio ?
"
95,"Guau ... but , damn , how time moscas !","Wow ... but , damn , how time flies !
","Wow ... pero , maldita sea , como pasa el tiempo !
"
96,"Made mí mismo breakfast tacos , ahora a trabajar .","Made myself breakfast tacos , now to work .
","Me hice tacos de desayuno , ahora a trabajar .
"
97,The cantidad de veces I escuchó ' after the beach ' at el beach yesterday era loco .,"The amount of times I heard ' after the beach ' at the beach yesterday was crazy .
","La cantidad de veces que escuché ' después de la playa ' ayer en la playa fue una locura .
"
98,"Dejar the homie live , Carnal !","Let the homie live , Carnal !
","¡ Deja que el tipo viva , Carnal !
"
99,Él was justo recordando su that él ' s about eso action after el game .,"He was just reminding her that he 's about that action after the game .
","Solo le estaba recordando que se trata de esa acción después del juego .
"
100,Aún a homosexuales declaración even si it ' s literal ...,"Still a gay statement even if it 's literal ...
","Sigue siendo una declaración gay aunque sea literal ...
"
101,It 's time to bring out all my island puti clothes even though I ' metro not en el Isla .,"It 's time to bring out all my island puti clothes even though I 'm not on the Island .
","Es hora de sacar toda mi ropa de puti isleño aunque no estoy en la Isla .
"
102,Although i era right .,"Although i was right .
","Aunque tenía razón .
"
103,The chica in frente of me es watching ' The Vampire Diaries ' and haciendo homework en el mismo tiempo y it 's a mood .,"The girl in front of me is watching ' The Vampire Diaries ' and doing homework at the same time and it's a mood .
","La tipa enfrente de mi esta viendo ' The Vampire Diaries ' y haciendo tarea al mismo tiempo and it's a mood .
"
104,Sorry Hikaru that ' s my wife now .,"Sorry Hikaru that 's my wife now .
","Lo siento Hikaru esa es mi esposa ahora .
"
105,"Currently in mi azada fase where it 's "" 8 - 10 "" ft this dudar "" 10 - 12 "" pie this one y "" 1 - 2 "" now él 's this guy 's turn .","Currently in my hoe phase where it's "" 8 - 10 "" ft this dude "" 10 - 12 "" ft this one and "" 1 - 2 "" now it's this guy's turn .
","Actualmente en mi fase de azada donde son "" 8-10 "" con este tipo , "" 10-12 "" con este y "" 1-2 "" ahora le toca a este .
"
106,People get caught up en their extraño comportamiento and then jugar el víctima .,"People get caught up in their weird behavior and then play the victim .
","La gente queda atrapada en su comportamiento extraño y despues se hacen la victima .
"
107,I'm too down después the beach .,"I'm too down after the beach .
","Estoy demasiado desanimado despues de la playa .
"
108,"I danced to 'después de la playa' , 'titi asked me' , y 'party last night' in the jangueo y I was justo so happy .","I danced to 'después de la playa' , 'titi asked me' , and 'party last night' in the jangueo and I was just so happy .
","Bailé ' después de la playa ' , ' titi me pregunto ' y ' party last night ' en el jangueo y estaba tan feliz .
"
109,"I aún creer nosotros tener tiempo to ganar , if Roe passes el luchar voluntad ir en de nuevo hasta we ganar , come en you’re a combatiente .","I still believe we have time to win, if Roe passes the fight will go on again until we win, come on you’re a fighter .
","Sigo creyendo que tenemos tiempo para ganar , si pasa Roe … la lucha continuará hasta que ganemos , vamos , eres un luchador .
"
110,We are aún rocking with the team a pesar de we son valer shit .,"We are still rocking with the team although we are worth shit.
","Seguimos animados con el equipo , aunque valemos verga .
"
111,"Thank you entonces mucho , friend !","Thank you so much, friend!
","¡ Muchas gracias , amiga !
"
112,"Aww , thank you para poniendo arriba with me , and with all mi craziness .","Aww , thank you for putting up with me , and with all my craziness .
","Aww , gracias por aguantarme y con todas mis locuras .
"
113,"Su chica putting en con el tiempo every semana , buy me a Starbucks even si it es .","Your girl putting in overtime every week , buy me a Starbucks even if it is .
","Tu chica haciendo horas extras toda la semana , compreme un Starbucks aunque sea .
"
114,Game de Thrones ' es a necesario rewatch incluso si eso bad finalizando hurts .,"Game of Thrones ' is a needed rewatch even if that bad ending hurts .
","No es necesario volver a ver Game of Thrones , aunque duela ese final tan malo .
"
115,"I will literalmente not ser intercambio no mother Cabron with alguien este summer , bitch you poder tener a él even if I morir of puto courage , but Mierda no , I ' ll patada both your asses , then I ' m no , adiós .","I will literally not be sharing no mother fucker with anyone this summer , bitch you can have him even if I die of puto courage , but fuck no , I 'll kick both your asses , then I 'm not , bye .
","Literalmente no compartiré ningún hijo de puta con nadie este verano , perra , puedes tenerlo aunque me muera del puto coraje , pero joder , no , les patearé el trasero a ambos , entonces no lo haré , adiós .
"
116,"A pesar de I ' ve nunca been so fijado en algo , justo Juegos de vídeo , and probablemente music .","Although I 've never been so fixated on something , just videogames , and probably music .
","Aunque nunca he estado tan obsesionado en algo , solo videojuegos y probablemente música .
"
117,"Incluso si tú criticado Negro Pink , you poder perfectly hacer it , ellos just hacer Nuevo Testamento saber how a take cualquier cosa other than exaggerated elogio !","Even if you criticized Black Pink , you can perfectly do it , they just do n't know how to take anything other than exaggerated praise !
","Aunque critiques a Black Pink , perfectamente puedes hacerlo , ¡ simplemente no saben tomar nada más que elogios exagerados !
"
118,"I know el sentimiento , I recomendar a pillow at least .","I know the feeling , I recommend a pillow at least .
","Conozco el sentimiento , te recomiendo una almohada aunque sea .
"
119,A veces tú tener to fuerza your friends a drink water incluso si they ahogar .,"Sometimes you have to force your friends to drink water even if they drown .
","A veces tienes que obligar a tus amigos a beber agua aunque se ahoguen .
"
120,I wonder if I 'm ever gon na get married even if it ' s for negocio .,"I wonder if I 'm ever gon na get married even if it 's for business .
","Me pregunto si alguna vez me casaré aunque sea por negocio .
"
121,"333 seguidores , lindo hito incluso si they son yendo to dar me an unfollow después that .","333 followers , cute milestone even if they are going to give me an unfollow after that .
","333 seguidores , lindo hito aunque me vayan a dejar de seguir después de eso .
"
122,"One cosa about me , tú disrespect my dad , I ' m yendo a falta de respeto you , even if it ' s a big dama , what do tú significar ?","One thing about me , you disrespect my dad , I 'm going to disrespect you , even if it 's a big lady , what do you mean ?
","Una cosa sobre mi , le faltas el respeto a mi papa , te voy a faltar el respeto , aunque sea señora grande , ¿ qué quieres decir ?
"
123,I perdido contar how muchos Ricanstruction ediciones I comprado ' cause I era sending a ellos to el familia .,"I lost count how many Ricanstruction editions I purchased 'cause I was sending them to the family .
","Perdí la cuenta de cuántas ediciones de Ricanstruction compré porque las enviaba a la familia .
"
124,"When Fajardo said : "" I hacer n't inspire cualquier cosa , ” I know cómo de mierda eso siente bro .","When Fajardo said : "" I do n't inspire anything , ” I know how shitty that feels bro .
","Cuando Fajardo dijo : "" yo no inspiro nada , ” sé lo mal que se siente hermano .
"
125,"De acuerdo , but cuando taylor Swift dicho "" por qué son nosotros fingiendo this is nada ? "" bro , I really felt that .","Ok , but when Taylor Swift said "" why are we pretending this is nothing ? "" bro , I really felt that .
","Ok , pero cuando Taylor Swift dijo "" ¿ por qué estamos fingiendo que esto no es nada ? "" hermano , realmente sentí eso .
"
126,"Solo when él trajes tú , tt ' s always been that way , I ' m dumb as mierda .","Only when it suits you , tt 's always been that way , I 'm dumb as shit .
","Solo cuando te convenga , siempre ha sido así , soy tonto con cojones .
"
127,"Cuando I was singing ' medicamento ' , este is no what I was expecting .","When I was singing ' medicine ' , this is not what I was expecting .
","Cuando estaba cantando ' medicine ' , esto no es lo que esperaba .
"
128,"kurtney tenía that big , pretty velo and camino y uno swore that allá was a hermoso vestido underneath , y él justo looks como a corsé mini dress straight out de Bershka .","Kourtney had that big , pretty veil and trail and one swore that there was a beautiful dress underneath , and it just looks like a corset mini dress straight out of Bershka .
","Kourtney tenía ese velo grande y bonito y uno jurando que había un vestido bellísimo debajo , y parece un mini vestido con corsé sacado directamente de Bershka .
"
129,"Men , I tenía never tenía entonces many people como , golpeando on me y damn … it ' s crazy , él ' s a whole new world .","Men , I had never had so many people like , hitting on me and damn … it 's crazy , it 's a whole new world .
","Men , jamas había tenido tanta gente como , coquetear conmigo y maldita sea ... es una locura , es un mundo completamente nuevo .
"
130,"Si el mundo era ending , spanglish versión mentalmente teleports a mí to when there was cuarentena .","If the world was ending , spanglish version mentally teleports me to when there was quarantine .
","Si el mundo se acabara , versión spanglish me teletransporta mentalmente a cuando habia cuarentena .
"
131,"The only uno , OMS poder repetir el championship .","The only one , who can repeat the championship .
","El único , que puede repetir campeonato .
"
132,Sí you can amigo y you consiguió this .,"yes you can friend and you got this .
","Si se puede amiga y tienes esto .
"
133,"ah , it ca n't ser , eso debería be a mí .","Ah , it ca n't be , that should be me .
","Ah , no puede ser , ese debería ser yo .
"
134,Él has a mí crazy .,"It has me crazy .
","Me tiene loco .
"
135,"She consiguió a mí discurso espanglish , baby hacer n't tú understand ?","She got me speaking Spanglish , baby do n't you understand ?
","Ella me tiene hablando spanglish , baby , ¿ no lo entiendes ?
"
136,We ca n't wait eso largo .,"We ca n't wait that long .
","No podemos esperar tanto tiempo .
"
137,"And eso ' s ok bebé , the importante thing is eso tú llevar el tiempo to descansar y heal hasta tú feel como yourself again .","And that 's ok baby , the important thing is that you take the time to rest and heal until you feel like yourself again .
","And that's ok baby , lo importante es que te tomes el tiempo de descansar y sanar hasta que te sientas como tú otra vez .
"
138,"I ' ve solo estado googling his platform para tres días , but entonces lejos I do n't like it very mucho .","I 've only been googling his platform for three days , but so far I do n't like it very much .
","Solo he estado buscando en Google su plataforma durante tres días , pero hasta ahora me cae super mal .
"
139,"Pero , maybe más tarde nosotros can discuss the álbum , I think it voluntad be beautiful después todo this .","But , maybe later we can discuss the album , I think it will be beautiful after all this .
","Pero , tal vez más adelante podamos discutir el álbum , creo que será hermoso después de todo esto .
"
140,"Hacer Nuevo Testamento get tired incluso if tú want a , always ser the better persona .","Do n't get tired even if you want to , always be the better person .
","No te canses aunque lo deses , sé siempre mejor persona .
"
141,A pesar de the iron thing would Nuevo Testamento surprise me .,"Although the iron thing would n't surprise me .
","Aunque lo del hierro no me sorprendería .
"
142,I ' m going a hacer school tirador .,"I 'm going to do school shooter .
","Me voy a hacer school shooter .
"
143,"Si you do n't fallar you ' re incluso not trying , cuando tú stop aprendiendo your mind se detiene growing , sumergirse yourself among positivo y beautiful people .","If you do n't fail you 're even not trying , when you stop learning your mind stops growing , immerse yourself among positive and beautiful people .
","Si no fallas ni siquiera lo estás intentando … Cuando paras de aprender tu mente para de crecer … Sumérgete entre gente positiva y hermosa .
"
144,I absolutely love cuando mi Jonathan gives me forehead besos .,"I absolutely love when my Jonathan gives me forehead kisses .
","Me encanta cuando mi Jonathan me da besos en la frente .
"
145,I apuesta you think acerca de a mí cuando tú see Thor cosa .,"I bet you think about me when you see Thor stuff .
","Apuesto a que piensas en mí cuando ves cosas de Thor .
"
146,"I justo escuchó él , super bien too .","I just heard it , super good too .
","Lo acabo de escuchar , super bueno tambien .
"
147,This fade puede ser too corto . Oh God . ( I poder no be culpada for what is said porque de google . ),"This fade may be too short . Oh God . ( I can not be blamed for what is said because of google . )
","Este desvanecimiento puede ser demasiado corto . Oh Dios . ( No se me puede culpar por lo que se dice debido a google ) .
"
148,"Ok , but which transmisión platform tiene todo el Winx seasons ?","Ok , but which streaming platform has all the Winx seasons ?
","Ok , pero ¿ qué plataforma de transmisión tiene todas las temporadas de Winx ?
"
149,Nobody has el perfecto vida .,"Nobody has the perfect life .
","Nadie tiene la vida perfecta .
"
150,"My argumento has evidencia , unlike tuyo , eso ’ s why you California n't debate , cause you know I ' m bien .","My argument has evidence , unlike yours , that ’s why you ca n't debate , cause you know I 'm right .
","Mi argumento tiene pruebas , a diferencia del tuyo , por eso no puedes debatir , porque sabes que tengo razón .
"
151,Bebe tiene a ellos interino estúpido .,"Bebe has them acting stupid .
","Bebe los tiene actuando estúpido .
"
152,They are hechos hace not tener to hurt .,"They are facts does not have to hurt .
","Son hechos no tiene que doler .
"
153,""" Allá ' s aún time , "" no but I do n't want to .",""" There 's still time , "" no but I do n't want to .
",""" Aun hay tiempo "" , no pero no quiero .
"
154,"Vivir para yourself , para fuck ' s sake .","Live for yourself , for fuck 's sake .
","Vive por ti mismo , por el amor de Dios .
"
155,"A veces I get triste and entonces I remind mí mismo that I soy a fucking estúpido eso tiene No idea what el fuck ella ' s haciendo y then I get even más sad , pero de todos modos , mirar how cute I miró under azul luz .","Sometimes I get sad and then I remind myself that I am a fucking idiot that has no idea what the fuck she 's doing and then I get even more sad , but anyways , look how cute I looked under blue light .
","A veces me pongo triste y después me recuerdo que soy una maldita idiota que no tiene idea de qué diablos está haciendo y luego me pongo aún más triste , pero de todos modos , mira qué linda me veía bajo la luz azul .
"
156,"After este six - año term , they will difícilmente ver su face again in eventos like estos , cómo embarrassing to escuchar as a vocero to this fraud who made the country one de el el peor en statistics pendiente a su horrible management of COVID-19 .","After this six - year term , they will hardly see your face again in events like these , how embarrassing to listen as a speaker to this fraud who made the country one of the worst in statistics due to his terrible management of Covid-19 .
","Después de este sexenio dificilmente volveran a verte la cara en eventos como estos , que vergüenza escuchar como orador a este fraude que hizo del país uno de los peores en estadísticas por su pésima gestión del Covid-19 .
"
157,"Some tener mami asuntos , others daddy asuntos , I tener familia issues .","Some have mommy issues , others daddy issues , I have family issues .
","Unos tienen problemas con mamá , otros problemas con papá , yo tengo problemas con la familia .
"
158,"No , ey ser amar , be tú mismo , incluso si you yourself son down .","No , hey self love , be yourself , even if you yourself are down .
","No , eyy amor propio , sé tú mismo , aunque tú mismo estés abajo .
"
159,"elon Almizcle is a cerdo , but a cerdo con freaking money , a pesar de the monkey vestidos in seda , a mono he stays .","Elon Musk is a pig , but a pig with freaking money , although the monkey dresses in silk , a monkey he stays .
","Elon Musk es un cerdo , pero un cerdo con maldito dinero , aunque el mono se vista de seda , el mono se queda .
"
160,Pensamiento though i poder totally see it .,"Thinking though i can totally see it .
","Pensando aunque puedo verlo totalmente .
"
161,"Although I tener n't gotten where I desear , I wo n't alguna vez come atrás dónde I used a be .","Although I have n't gotten where I want , I wo n't ever come back where I used to be .
","Aunque no he llegado a donde yo quiero , no volveré nunca a donde solía estar .
"
162,"Fuck el government , todo mi amigos son from Alabama - Qaeda .","Fuck the government , all my homies are from Al - Qaeda .
","A la mierda el gobierno , todos mis amigos son de Al-Qaeda .
"
163,"Mi ex really enviado un mensaje de texto me dicho “ tú are mío y you voluntad always be , "" hermano it ' s been 4 years … .. hacer Nuevo Testamento you tener a girlfriend ?","My ex really texted me saying “ you are mine and you will always be , ” bro it ’s been 4 years … .. do n’t you have a girlfriend ?
","Mi ex realmente me envió un mensaje de texto diciendo "" vos sos mia y siempre serás "" , hermano , han pasado 4 años ... ¿ no tienes novia ?
"
164,"Ellos always tell a mí no to be entonces inseguro , I ' metro intentando my mejor .","They always tell me not to be so insecure , I 'm trying my best .
","siempre me dicen que no sea tan inseguro , estoy haciendo mi mejor esfuerzo .
"
165,For haciendo entonces muchos blowjobs .,"For doing so many blowjobs .
","Por hacer tantos mamadas .
"
166,I was in a stand arriba comedia .,"I was in a stand up comedy .
","Estaba en una comedia de pie .
"
167,"I era in a gay club , lol , that ' s my pequeño jovencito boy .","I was in a gay club , lol , that 's my little twink boy .
","Estaba en un club gay , jajaja , that's my little twink boy .
"
168,"Tal vez it ' s tiempo to get back into F1 because this es some good culo carreras , I pensamiento I was mirando GT3 para a poco .","Maybe it 's time to get back into F1 because this is some good ass racing , I thought I was watching GT3 for a bit .
","Tal vez es hora de volver a la F1 porque esta es una buena carrera , pensé que estaba viendo GT3 por un momento .
"
169,"Oh mi gosh , that ' s también mucho con este fallido gobierno !","Oh my gosh , that 's too much with this failed government !
","¡ Oh , Dios mío , eso es demasiado con este gobierno fallido !
"
170,I ' m going a cosplay Marshall Sotavento ( Marceline ' s genderbend ) .,"I 'm going to cosplay Marshall Lee ( Marceline 's genderbend ) .
","Voy a hacer cosplay de Marshall Lee ( genderbend de Marceline ) .
"
171,"Baby , I ' metro going to hacer tú a baby .","Baby , I 'm going to make you a baby .
","Baby , te voy a hacer un nene .
"
172,I desear a make matching trajes con you .,"I want to make matching outfits with you .
","Quiero hacer outfits a juego contigo .
"
173,"And eso laura is sad , por qué are you mintiendo ?","And that Laura is sad , why are you lying ?
","Y que Laura esta triste , por que mientes ?
"
174,She was en the confesional donación no folla acerca de OMS ella was partida .,"She was in the confessional giving no fucks about who she was leaving .
","Ella estaba en el confesionario sin importarle quién se iba .
"
175,Llevar me back to when Pussydon was activo .,"Take me back to when Pussydon was active .
","Take me back a cuando Pussydon estaba activo .
"
176,"These dos hacer Nuevo Testamento conseguir cansado de harassing each other , che , I saber qué tú son .","These two do n't get tired of harassing each other , che , I know what you are .
","No se cansan de chamuyarse estos dos , che , sé lo que eres .
"
177,Colorante tutorial es cuando ?,"Coloring tutorial is when ?
","Tutorial para colorear para cuando ?
"
178,I debería tener known something era equivocado when I comenzó ocultación alguno of our interacciones from my mejor friend .,"I should have known something was wrong when I started hiding some of our interactions from my best friend .
","Debería haber sabido que algo andaba mal cuando comencé a ocultarle parte de nuestras interacciones con mi mejor amigo .
"
179,"Cuando the plan is to ir para iced coffee , shopping , cena y drinks .","When the plan is to go for iced coffee , shopping , dinner and drinks .
","Cuando el plan es café helado , de compras , cena y bebidas .
"
180,"Ellos ' todos be like , “ Terry , I gastar mi every despertando thought wishing al your demise , "" y I ' d ser like aw , I love tú también .","They 'll be like , “ Terry , I spend my every waking thought wishing upon your demise , ” and I 'd be like aw , I love you too .
","Serán como , "" Terry , paso todos mis pensamientos despiertos deseando tu muerte "" , y yo diría aw , yo también te amo .
"
181,"I haría do Sabana , I justo sentir more real sur and also huge I ' m a fan of Para descanso .","I would do Savannah , I just feel more real south and also huge I 'm a fan of Forrest .
","Yo haría Savannah , me siento más real del sur y también soy un gran fanático de Forrest .
"
182,I miss you también !,"I miss you too !
","¡ Te extraño tambien !
"
183,"Very feliz y orgulloso to no ver mí mismo en este Pío , studying with tú is también a morale refuerzo .","Very happy and proud to not see myself in this tweet , studying with you is also a morale booster .
","Muy feliz y orgullosa de no verme en este tuit , cursar con vos también es un impulso de moral .
"
184,"I ya told tú , but I ' ll decir él again , feliz happy happy 25th birthday .","I already told you , but I 'll say it again , happy happy happy 25th birthday .
","Ya te lo había dicho , pero lo diré de nuevo , feliz feliz feliz 25 cumpleaños .
"
185,"I had forgotten eso I soy más alto than tú , I love tú short rey .","I had forgotten that I am taller than you , I love you short king .
","Había olvidado que soy más alto que tú , te amo rey bajo .
"
186,"Please look después me , él ca Nuevo Testamento ser .","Please look after me , it ca n't be .
","Por favor cuídame , no puede ser .
"
187,Cómo can it be so goddamn beautiful .,"How can it be so goddamn beautiful .
","Como puede ser tan malditamente hermoso .
"
188,"So , I went to a club en miami called Rosario ; as they eran voladura Perreo ( de todo music ) the anfitrión , a blanco chica , sizes a mí arriba y tells my amigo ( probable porque ella thought I hizo Nuevo Testamento speak Español ) , “ the negro girl is también much , ella ca Nuevo Testamento come en , Lo siento , "" while she let a blanco girl en con el same arriba como a mí .","So , I went to a club in Miami called Rosario ; as they were blasting Perreo ( of all music ) the host , a white girl , sizes me up and tells my friend ( likely because she thought I did n't speak Spanish ) , “ the black girl is too much , she ca n’t come in , sorry , ” while she let a white girl in with the same top as me .
","Entonces , fui a un club en Miami llamado Rosario ; mientras escuchaban Perreo ( de todos los tipos de música ) la anfitriona , una blanca , me evalúa y le dice a mi amiga ( probablemente porque pensó que no hablaba español ) , "" la negra es demasiado , no puede entrar , lo siento "" , mientras dejó entrar a una chica blanca con la misma blusa que yo .
"
189,"I hacer Nuevo Testamento tener papá asuntos , mi father tiene daughter issues .","I do n't have daddy issues , my father has daughter issues .
","Yo no tengo problemas con mi padre , mi padre tiene problemas con su hija .
"
190,"I like spring but at el same time I hacer n't porque , qué ' s going en with este motherfucking clima ?","I like spring but at the same time I do n't because , what 's going on with this motherfucking weather ?
","Me gusta la primavera pero al mismo tiempo no porque , ¿ qué está pasando con este clima de mierda ?
"
191,"Pero no so much ya no , I ' metro so happy about eso .","But not so much anymore , I 'm so happy about that .
","Pero ya ni tanto , estoy tan feliz por eso .
"
192,"I pensar el mismo , invierno makes a mí mirar entonces good .","I think the same , winter makes me look so good .
","Opino lo mismo , el invierno me hace ver tan bien .
"
193,"Ahora that I am with varios proyectos , I am yendo to cita uno de mi referencias : "" Cada single aspect de haciendo películas is a giant dolor in el culo , y it ' s nunca worth it . ""","Now that I am with several projects , I am going to quote one of my references : "" Every single aspect of making movies is a giant pain in the ass , and it 's never worth it . ""
","Ahora que estoy con varios proyectos voy a citar a uno de mis referentes : "" Cada aspecto de hacer películas es un gran dolor en el trasero , y nunca vale la pena "" .
"
194,"I amar "" Ser For You "" , a pesar de I en realidad hacer n't mendigar para anyone .","I love "" Be For You "" , although I really do n't beg for anyone .
","Me encanta "" Be For You "" , aunque en realidad no ruego por nadie .
"
195,"I desear to vivir to ser 102 , y healthy con el ability a decir my grandchildren y excelente grandchildren amar cuentos , incluso if él ' s no from su grandfather .","I want to live to be 102 , and healthy with the ability to tell my grandchildren and great grandchildren love stories , even if it 's not from your grandfather .
","Quiero vivir hasta los 102 años y ser saludable con la capacidad de contarles a mis nietos y bisnietos historias de amor , aunque no sea de su abuelo .
"
196,Although cada time I correr afuera of social battery él restos mi mood porque I hacer n't desear to extrañar afuera on anything o make otro gente uncomfortable .,"Although every time I run out of social battery it ruins my mood cuz I do n't want to miss out on anything or make other people uncomfortable .
","Aunque cada vez que se me acaba la batería social arruina mi estado de ánimo porque no quiero perderme nada o hacer que otras personas se sientan incómodas .
"
197,i ’ metro disfrutando este believe it or not .,"i ’m enjoying this believe it or not .
","Estoy disfrutando esto aunque usted no lo crea .
"
198,"Bueno and nosotros siempre ganar , qué ' s your punto ?","Okay and we always win , what 's your point ?
","Okay y siempre ganamos , ¿ cuál es tu punto ?
"
199,OMS would say eso Mbappe knows cómo to pararse arriba .,"Who would say that Mbappe knows how to stand up .
","Quien diría que Mbappé sabe hacer stand up .
"
200,"I miss yendo a el gimnasia y haciendo a bien ejercicio , but I necesidad to llevar cuidado of myself the primero semanas .","I miss going to the gym and doing a good workout , but I need to take care of myself the first weeks .
","Echo de menos ir al gimnasio y hacer un buen entrenamiento , pero necesito cuidarme las primeras semanas .
"
201,Doing homework con Selva en the fondo es mi passion .,"Doing homework with Jungle in the background is my passion .
","Hacer tarea con Jungle de fondo es mi pasión .
"
202,"Mirando alguien morir and doing nada , no the mejor sentimiento allá is .","Watching someone die and doing nothing , not the best feeling there is .
","Ver a alguien morir y no hacer nada , no es el mejor sentimiento que existe .
"
203,""" I was n't ready a romper arriba . """,""" I was n't ready to break up . ""
","“ No estaba listo para romper ” .
"
204,I era ventana compras .,"I was window shopping .
","Estaba mirando escaparates .
"
205,Estos fucking visuales .,"These fucking visuals .
","Estos putos visuales .
"
206,"What was él haciendo painting ? He ' s entonces loco , amar him .","What was he doing painting ? He 's so crazy , love him .
","¿ Que hacia pintando ? está tan loco , lo amo .
"
207,"She lanza her hair back , él Es porque haces lo mínimo indispensable y re still a rey .","She throws her hair back , it 's because you do the bare minimum and you 're still a king .
","Se echa el pelo hacia atras , es que haces lo minimo y sigues siendo rey .
"
208,"ah , I como fideos sopa , even when él ' s caliente .","Ah , I like noodle soup , even when it 's hot .
","Ah , me gusta la sopa de fideo , aunque haga calor .
"
209,"Although ellos throw piedras and más stones en me , I dicho what él necesario a be dicho .","Although they throw stones and more stones at me , I said what it needed to be said .
","Aunque me abienten piedras y mas piedras , dije lo que hay que decir .
"
210,I siempre feel malo porque I ' metro not a morning person at all .,"I always feel bad because I 'm not a morning person at all .
","Siempre me siento mal porque no soy para nada una persona mañanera .
"
211,"Y’all got ejército de reserva abierto y ’ all heart a the world and a el gente that care about tú , otherwise tú will siempre ser infeliz with vida , nada voluntad satisfy you con su “ víctima to vida "" attitude .","Y’all got ta open y’ all heart to the world and to the people that care about you , otherwise you will always be unhappy with life , nothing will satisfy you with your “ victim to life ” attitude .
","Tienes que abrir tu corazón al mundo y a las personas que se preocupan por ti , si no , siempre vas a estar infeliz con la vida , nada te va a satisfacer con tu actitud de “ victima a la vida . ”
"
212,"I abstenerse de commenting , I think I tener a problema .","I refrain from commenting , I think I have a problem .
","Me abstengo de hacer comentarios , creo que tengo un problema .
"
213,"Horror the jotas who desear to make poligamia happen , it ’ s not gon n / A suceder .","Horror the jotes who want to make polygamy happen , it ’s not gon na happen .
","Horror los jotes que quieren hacer que la poligamia suceda , no va a pasar .
"
214,"Qué voluntad these shameless believe , everyone knows tú do n't ir to weddings para love .","What will these shameless believe , everyone knows you do n't go to weddings for love .
","Que sera lo que se creen estos sin vergüenza , todos saben que no se va a las bodas por amor .
"
215,"You go for alimento , fiesta y open bar .","You go for food , party and open bar .
","Tu vas para comida , fiesta y barra libre .
"
216,Arthur has been a dolor todo these meses so I ' metro glad of a él solo because he es no yendo to ser whinnying about Antonio ser dense .,"Arthur has been a pain all these months so I 'm glad of him only because he is not going to be whinnying about Antonio being dense .
","Arthur ha sido un dolor de cabeza todos estos meses así que me alegro de el solo porque no se va a quejar de que Antonio es tonto .
"
217,Primero you got ejército de reserva inhale the aire en your pulmones .,"First you got ta inhale the air into your lungs .
","Primero tienes que inhalar el aire hacia los pulmones .
"
218,Why did ellos have a matón people OMS did cosplay tiktoks with exaggerated faces afuera of the app ?,"Why did they have to bully people who did cosplay tiktoks with exaggerated faces out of the app ?
","Por que tenian que bully a la gente que hacia tiktoks en cosplay con caras exageradas out of the app ?
"
219,"Tú hacer Nuevo Testamento tener to ser Lo siento para leaving y creciente arriba , no , Bueno , allá was No necesidad .","You do n't have to be sorry for leaving and growing up , no , well , there was no need .
","No tienes que arrepentirte de irte y crecer , no , bueno , no hacía falta .
"
220,"In hecho , aquí I am , gritando en homosexualidad .","In fact , here I am , screaming in homosexuality .
","De hecho , aquí estoy , gritando en homosexual .
"
221,"I like a white hombre y I get dragged , I odiar este , I deserve better .","I like a white man and I get dragged , I hate this , I deserve better .
","Me gusta un hombre blanco y me arrastran , odio esto , merezco algo mejor .
"
222,"Okay okay todo es Bueno , time a dormir now , yes .","Okay okay all is well , time to sleep now , yes .
","Okay okay todo está bien , a mimir ahora , si .
"
223,Very proud de my Barcita y todo they ' ve logrado este estación after todo eso tiene sucedió .,"Very proud of my Barcita and everything they 've accomplished this season after everything that has happened .
","Muy orgulloso de mi Barcita y de todo lo que han logrado esta temporada después de todo lo que ha pasado .
"
224,"The casa huele like café y papas from a little pre - brunch breakfast antes the antes del juego , life is bien , I amar you Benito .","The house smells like coffee and potatoes from a little pre - brunch breakfast before the pregame , life is good , I love you Benito .
","La casa huele a café y papas de un pequeño desayuno antes del almuerzo antes del juego , la vida es buena , te quiero Benito .
"
225,I was Nuevo Testamento listo para the romper up .,"I was n't ready for the break up .
","No estaba listo para el rompimiento .
"
226,El audio engineers are estallando their pussies with estos vivir actuaciones .,"The audio engineers are popping their pussies with these live performances .
","Los ingenieros de audio están haciendo estallar sus coños con estas presentaciones en vivo .
"
227,I hate estos recuerdos .,"I hate these flashbacks .
","Odio estos flashbacks .
"
228,"What el Mierda , taylor Swift did n't rock ?","What the fuck , Taylor Swift did n't rock ?
","¿ Qué carajo , Taylor Swift no hacia el rock ?
"
229,"I ' metro in the auto a Cannes , él ' s encima for tú .","I 'm in the car to Cannes , it 's over for you .
","Estoy en el coche hacia Cannes , se acabó para ti .
"
230,Él tiene made us luz de gas .,"It has made us gaslight .
","Nos ha hecho gaslighting .
"
231,I have por inadvertencia made a fósforo con a Spaniard .,"I have inadvertently made a match with a Spaniard .
","He hecho match sin querer con un español .
"
232,"I ' m no entusiasmado , no , I hate playa volleyball , pero vida ' s like that a veces .","I 'm not excited , no , I hate beach volleyball , but life 's like that sometimes .
","No estoy emocionada , no , odio el volley playa , pero la vida es así a veces .
"
233,"“ Latino culture es muy machista , "" benito says .","“ Latino culture is very machista , ” Benito says .
","“ La cultura latina es muy machista ” , dice Benito .
"
234,"Él ' s triste pero there son a lot of sexist , inseguro , machista hombres aquí who ca n't trato con the idea their girlfriend is independiente , intelligent and exitoso .","It 's sad but there are a lot of sexist , insecure , machista men here who ca n't deal with the idea their girlfriend is independent , intelligent and successful .
","Es triste , pero aquí hay muchos hombres sexistas , inseguros y machistas que no pueden aceptar la idea de que su novia es independiente , inteligente y exitosa .
"
235,Not me y my super macho uncle vinculación over selling sunset and ser team cristina .,"Not me and my super macho uncle bonding over selling sunset and being team Christine .
","No mi tío súper machista y yo nos unimos por vender Sunset y ser el equipo de Christine .
"
236,"Macho sociedad , honey !","Macho society , honey !
","¡ Sociedad machista , cariño !
"
237,Let ' s no forget when he explicado the whole class .,"Let 's not forget when he mansplained the whole class .
","No olvidemos cuando le hizo mansplaining a toda la clase .
"
238,"I California Nuevo Testamento believe eso promoción goes abajo when it ' s the fin of the estación , the calificaciones voluntad drop incluso más than el last week !","I ca n't believe that promotion goes down when it 's the end of the season , the ratings will drop even more than the last week !
","No puedo creer que baja promoción cuando es el final de temporada , ¡ los ratings caerán incluso más que la semana pasada !
"
239,"Cuando sea tú como , dejar ' s ir , but for ahora Buenas noches !","Whenever you like , let 's go , but for now Goodnight !
","Cuando gustes vamos , pero por ahora ¡ Buenas noches !
"
240,Porque él ' s mi first vida también .,"Because it 's my first life too .
","Porque es mi primera vida tambien .
"
241,"Eso ' s not Frío cualquiera , no preguntarse No homosexuales or lesbianas son en el casa , but Nuirka es Queen of el gays y bitches .","That 's not cool either , no wonder no gay or lesbians are in the house , but Nuirka is Queen of the gays and bitches .
","Eso tampoco mola , no me extraña que no haya gays ni lesbianas en la casa , pero Nuirka es la reina de los gays y las perras .
"
242,"I ya hizo pareja meses atrás , él era excelente también .","I already did couple months ago , it was great too .
","Ya lo hice hace un par de meses , también fue genial .
"
243,"Él enviado un mensaje de texto us a video de su apartment where él asked Max and rafe , “ Son we yendo to help nuestro friends ? "" y they ambos gritó , “ No ! "" they son also fed arriba with el problemas .","He texted us a video from their apartment where he asked Max and Rafe , “ Are we going to help our friends ? ” and they both shouted , “ No ! ” they are also fed up with the problems .
","Nos envió un mensaje de texto con un video desde su apartamento donde les preguntó a Max y Rafe : "" ¿ Vamos a ayudar a nuestros amigos ? "" . y ambos gritaron , “ ¡ No ! ” también están hartos de los problemas .
"
244,I tenía n't seen eso he era casi shirtless .,"I had n't seen that he was almost shirtless .
","No había visto que estaba casi sin camisa .
"
245,"mira bastard , there era a pendeja that was shouting every segundo in el film Scream 5 , y I swear I was almost acerca de to hit her si Sergio era Nuevo Testamento allá .","Mira bastard , there was a pendeja that was shouting every second in the film Scream 5 , and I swear I was almost about to hit her if Sergio was n't there .
","Mira cabrón , había una pendeja que gritaba a cada segundo en la película Scream 5 , y te juro que casi le pego si no estuviera Sergio .
"
246,"Ey , I tenía n't visto the woman en el casa across the calle de the girl en el window .","Hey , I had n't seen the woman in the house across the street from the girl in the window .
","Oye , yo no había visto a la mujer en la casa al otro lado de la calle de la niña en la ventana .
"
247,Todo poder be a memes if tú ' re corajudo suficiente .,"Everything can be a meme if you 're brave enough .
","Todo puede ser un meme si eres lo suficientemente valiente .
"
248,"It 's like I ' metro intentando to compete with mí mismo , let ' s see , OMS can tener más pánico attacks en escuela in one día .","It 's like I 'm trying to compete with myself , let 's see , who can have more panic attacks in school in one day .
","Es como si estuviera tratando de competir conmigo mismo , a ver , quién puede tener más ataques de pánico en la escuela en un día .
"
249,"Mismo brother , but en miami it aspecto normal , if you ' re gon n / A ser a hoe tú consiguió ejército de reserva own él .","Same brother , but in Miami it looks normal , if you 're gon na be a hoe you got ta own it .
","Así mismo hermano , pero en Miami se ve normal , si vas a ser un hoe tienes que poseerlo .
"
250,"Para reunirse , si anyone is interested en comercio el ticket we can meet arriba on el day before el concierto o el concierto day itself .","For meetup , if anyone is interested in trading the ticket we can meet up on the day before the concert or the concert day itself .
","Para quedar , si alguien está interesado en canjear la entrada , podemos encontrarnos el día antes del concierto o el mismo día del concierto .
"
251,Crazy how everyone always dicho tiempo moscas después you graduado alto school y you never creer él hasta tú ver él for yourself .,"Crazy how everyone always said time flies after you graduate high school and you never believe it until you see it for yourself .
","Loco como todos siempre decían que el tiempo vuela después de graduarse de la escuela secundaria y uno nunca lo cree hasta que lo ve por sí mismo .
"
252,Pintar from el same cepillar : Diferente perro con the same collar .,"Paint from the same brush : Different dog with the same collar .
","Pintura del mismo pincel : Distinto perro con el mismo collar .
"
253,"Pero , here you son , escribiendo in your own idioma , and no in English ; hacer Nuevo Testamento talk acerca de racism , Steven tiene estilo , the other chico is entonces tacky , do you understand now beautiful ?","But , here you are , writing in your own language , and not in English ; do n't talk about racism , Steven has style , the other guy is so tacky , do you understand now beautiful ?","Pero , aquí estás , escribiendo en tu propio idioma , y ​​no en inglés , no hables de racismo , Steven tiene estilo el otro tipo es tan vulgar . , ¿ entiendes ahora bonito ?"
